run_id,event_id,timestamp,t_min,step,event_type,product,triggered_by,duration_min,notes
RUN-0001,EVT-00001,2024-01-15T06:00:00,0.0,inoculation_mixing,inoculation,QUARK,scheduled,,
RUN-0001,EVT-00002,2024-01-15T06:39:56.841634871,39.947,early_fermentation,rennet_addition,QUARK,scheduled,,
RUN-0001,EVT-00003,2024-01-15T20:29:23.880403231,869.398,gel_break_mixing,gel_break_start,QUARK,scheduled,,
RUN-0001,EVT-00004,2024-01-15T20:49:37.248045620,889.621,separation,separation_start,QUARK,scheduled,,
RUN-0001,EVT-00005,2024-01-15T22:06:47.079544617,966.785,standardization_mix,standardization_start,QUARK,scheduled,,
RUN-0001,EVT-00006,2024-01-15T23:09:08.378771645,1029.14,filling_packaging,filling_start,QUARK,scheduled,,
RUN-0002,EVT-00007,2024-01-15T08:00:52.106572615,120.868,filling_packaging,filling_start,HIGH_PROTEIN_PUDDING,scheduled,,
RUN-0003,EVT-00008,2024-01-15T13:29:27.532769664,149.459,filling_packaging,filling_start,HIGH_PROTEIN_PUDDING,scheduled,,
RUN-0004,EVT-00009,2024-01-15T22:00:00,0.0,inoculation_mixing,inoculation,QUARK,scheduled,,
RUN-0004,EVT-00010,2024-01-15T22:57:10.960119741,57.183,early_fermentation,rennet_addition,QUARK,scheduled,,
RUN-0004,EVT-00011,2024-01-16T11:41:08.537247725,821.142,gel_break_mixing,gel_break_start,QUARK,scheduled,,
RUN-0004,EVT-00012,2024-01-16T11:56:08.928985516,836.149,separation,separation_start,QUARK,scheduled,,
RUN-0004,EVT-00013,2024-01-16T12:35:20.221655192,875.337,standardization_mix,standardization_start,QUARK,scheduled,,
RUN-0004,EVT-00014,2024-01-16T13:37:09.197257641,937.153,filling_packaging,filling_start,QUARK,scheduled,,
RUN-0005,EVT-00015,2024-01-16T14:00:00,0.0,inoculation_mixing,inoculation,QUARK,scheduled,,
RUN-0005,EVT-00016,2024-01-16T14:41:03.928707766,41.065,early_fermentation,rennet_addition,QUARK,scheduled,,
RUN-0005,EVT-00017,2024-01-17T05:00:39.315233373,900.655,gel_break_mixing,gel_break_start,QUARK,scheduled,,
RUN-0005,EVT-00018,2024-01-17T05:23:49.414502998,923.824,separation,separation_start,QUARK,scheduled,,
RUN-0005,EVT-00019,2024-01-17T05:54:09.522378515,954.159,standardization_mix,standardization_start,QUARK,scheduled,,
RUN-0005,EVT-00020,2024-01-17T07:17:06.290238134,1037.105,filling_packaging,filling_start,QUARK,scheduled,,
RUN-0006,EVT-00021,2024-01-15T17:58:18.803465588,118.313,filling_packaging,filling_start,HIGH_PROTEIN_PUDDING,scheduled,,
RUN-0007,EVT-00022,2024-01-15T23:03:03.185549858,123.053,filling_packaging,filling_start,HIGH_PROTEIN_PUDDING,scheduled,,
RUN-0008,EVT-00023,2024-01-17T06:00:00,0.0,inoculation_mixing,inoculation,QUARK,scheduled,,
RUN-0008,EVT-00024,2024-01-17T06:55:27.797053548,55.463,early_fermentation,rennet_addition,QUARK,scheduled,,
RUN-0008,EVT-00025,2024-01-17T18:52:03.988427907,772.066,gel_break_mixing,gel_break_start,QUARK,scheduled,,
RUN-0008,EVT-00026,2024-01-17T19:06:20.948014179,786.349,separation,separation_start,QUARK,scheduled,,
RUN-0008,EVT-00027,2024-01-17T20:06:07.353325936,846.123,standardization_mix,standardization_start,QUARK,scheduled,,
RUN-0008,EVT-00028,2024-01-17T20:56:46.028290218,896.767,filling_packaging,filling_start,QUARK,scheduled,,
RUN-0009,EVT-00029,2024-01-17T22:00:00,0.0,inoculation_mixing,inoculation,QUARK,scheduled,,
RUN-0009,EVT-00030,2024-01-17T22:46:55.659010931,46.928,early_fermentation,rennet_addition,QUARK,scheduled,,
RUN-0009,EVT-00031,2024-01-18T09:35:37.766373766,695.629,gel_break_mixing,gel_break_start,QUARK,scheduled,,
RUN-0009,EVT-00032,2024-01-18T10:00:31.160681669,720.519,separation,separation_start,QUARK,scheduled,,
RUN-0009,EVT-00033,2024-01-18T10:32:47.190014801,752.787,standardization_mix,standardization_start,QUARK,scheduled,,
RUN-0009,EVT-00034,2024-01-18T11:47:46.674818678,827.778,filling_packaging,filling_start,QUARK,scheduled,,
RUN-0010,EVT-00035,2024-01-18T14:00:00,0.0,inoculation_mixing,inoculation,QUARK,scheduled,,
RUN-0010,EVT-00036,2024-01-18T15:01:25.488764536,61.425,early_fermentation,rennet_addition,QUARK,scheduled,,
RUN-0010,EVT-00037,2024-01-19T03:40:28.503993630,820.475,gel_break_mixing,gel_break_start,QUARK,scheduled,,
RUN-0010,EVT-00038,2024-01-19T03:52:43.584417884,832.726,separation,separation_start,QUARK,scheduled,,
RUN-0010,EVT-00039,2024-01-19T04:31:52.469199284,871.874,standardization_mix,standardization_start,QUARK,scheduled,,
RUN-0010,EVT-00040,2024-01-19T05:50:31.653134770,950.528,filling_packaging,filling_start,QUARK,scheduled,,
RUN-0011,EVT-00041,2024-01-19T06:00:00,0.0,inoculation_mixing,inoculation,QUARK,scheduled,,
RUN-0011,EVT-00042,2024-01-19T06:36:34.828392331,36.58,early_fermentation,rennet_addition,QUARK,scheduled,,
RUN-0011,EVT-00043,2024-01-19T17:30:06.086388746,690.101,gel_break_mixing,gel_break_start,QUARK,scheduled,,
RUN-0011,EVT-00044,2024-01-19T17:39:38.893241025,699.648,separation,separation_start,QUARK,scheduled,,
RUN-0011,EVT-00045,2024-01-19T18:21:59.532183589,741.992,standardization_mix,standardization_start,QUARK,scheduled,,
RUN-0011,EVT-00046,2024-01-19T19:44:15.535232524,824.259,filling_packaging,filling_start,QUARK,scheduled,,
RUN-0012,EVT-00047,2024-01-16T03:46:15.305808629,106.255,filling_packaging,filling_start,HIGH_PROTEIN_PUDDING,scheduled,,
RUN-0013,EVT-00048,2024-01-19T22:00:00,0.0,inoculation_mixing,inoculation,QUARK,scheduled,,
RUN-0013,EVT-00049,2024-01-19T22:56:07.555823420,56.126,early_fermentation,rennet_addition,QUARK,scheduled,,
RUN-0013,EVT-00050,2024-01-20T11:37:40.592073090,817.677,gel_break_mixing,gel_break_start,QUARK,scheduled,,
RUN-0013,EVT-00051,2024-01-20T12:01:28.169347345,841.469,separation,separation_start,QUARK,scheduled,,
RUN-0013,EVT-00052,2024-01-20T13:15:07.383847123,915.123,standardization_mix,standardization_start,QUARK,scheduled,,
RUN-0013,EVT-00053,2024-01-20T14:28:00.296989541,988.005,filling_packaging,filling_start,QUARK,scheduled,,
RUN-0014,EVT-00054,2024-01-16T08:57:51.502876131,117.858,filling_packaging,filling_start,HIGH_PROTEIN_PUDDING,scheduled,,
RUN-0015,EVT-00055,2024-01-20T14:00:00,0.0,inoculation_mixing,inoculation,QUARK,scheduled,,
RUN-0015,EVT-00056,2024-01-20T14:36:27.785742484,36.463,early_fermentation,rennet_addition,QUARK,scheduled,,
RUN-0015,EVT-00057,2024-01-21T03:53:55.387195788,833.923,gel_break_mixing,gel_break_start,QUARK,scheduled,,
RUN-0015,EVT-00058,2024-01-21T04:16:56.813034540,856.947,separation,separation_start,QUARK,scheduled,,
RUN-0015,EVT-00059,2024-01-21T05:41:39.666573002,941.661,standardization_mix,standardization_start,QUARK,scheduled,,
RUN-0015,EVT-00060,2024-01-21T07:12:12.012839345,1032.2,filling_packaging,filling_start,QUARK,scheduled,,
RUN-0016,EVT-00061,2024-01-16T14:09:10.812752439,129.18,filling_packaging,filling_start,HIGH_PROTEIN_PUDDING,scheduled,,
RUN-0017,EVT-00062,2024-01-21T06:00:00,0.0,inoculation_mixing,inoculation,QUARK,scheduled,,
RUN-0017,EVT-00063,2024-01-21T06:37:35.907724944,37.598,early_fermentation,rennet_addition,QUARK,scheduled,,
RUN-0017,EVT-00064,2024-01-21T17:15:52.770916082,675.88,gel_break_mixing,gel_break_start,QUARK,scheduled,,
RUN-0017,EVT-00065,2024-01-21T17:26:33.518612804,686.559,separation,separation_start,QUARK,scheduled,,
RUN-0017,EVT-00066,2024-01-21T18:49:28.866844154,769.481,standardization_mix,standardization_start,QUARK,scheduled,,
RUN-0017,EVT-00067,2024-01-21T20:28:48.970315575,868.816,filling_packaging,filling_start,QUARK,scheduled,,
RUN-0018,EVT-00068,2024-01-21T22:00:00,0.0,inoculation_mixing,inoculation,QUARK,scheduled,,
RUN-0018,EVT-00069,2024-01-21T22:30:04.057695862,30.068,early_fermentation,rennet_addition,QUARK,scheduled,,
RUN-0018,EVT-00070,2024-01-22T11:08:21.830364838,788.364,gel_break_mixing,gel_break_start,QUARK,scheduled,,
RUN-0018,EVT-00071,2024-01-22T11:24:58.989329954,804.983,separation,separation_start,QUARK,scheduled,,
RUN-0018,EVT-00072,2024-01-22T12:18:54.567500446,858.909,standardization_mix,standardization_start,QUARK,scheduled,,
RUN-0018,EVT-00073,2024-01-22T13:19:21.427530742,919.357,filling_packaging,filling_start,QUARK,scheduled,,
RUN-0020,EVT-00074,2024-01-22T14:00:00,0.0,inoculation_mixing,inoculation,QUARK,scheduled,,
RUN-0020,EVT-00075,2024-01-22T14:40:27.540183809,40.459,early_fermentation,rennet_addition,QUARK,scheduled,,
RUN-0020,EVT-00076,2024-01-23T02:40:07.378867706,760.123,gel_break_mixing,gel_break_start,QUARK,scheduled,,
RUN-0020,EVT-00077,2024-01-23T02:49:20.967899269,769.349,separation,separation_start,QUARK,scheduled,,
RUN-0020,EVT-00078,2024-01-23T04:01:02.993262231,841.05,standardization_mix,standardization_start,QUARK,scheduled,,
RUN-0020,EVT-00079,2024-01-23T05:18:43.318174015,918.722,filling_packaging,filling_start,QUARK,scheduled,,
RUN-0021,EVT-00080,2024-01-17T00:07:18.128319346,127.302,filling_packaging,filling_start,HIGH_PROTEIN_PUDDING,scheduled,,
RUN-0023,EVT-00081,2024-01-17T10:03:55.567068177,123.926,filling_packaging,filling_start,HIGH_PROTEIN_PUDDING,scheduled,,
RUN-0024,EVT-00082,2024-01-17T14:39:08.038272942,99.134,filling_packaging,filling_start,HIGH_PROTEIN_PUDDING,scheduled,,
RUN-0025,EVT-00083,2024-01-23T06:00:00,0.0,inoculation_mixing,inoculation,QUARK,scheduled,,
RUN-0025,EVT-00084,2024-01-23T06:50:36.375666996,50.606,early_fermentation,rennet_addition,QUARK,scheduled,,
RUN-0025,EVT-00085,2024-01-23T20:19:55.411710273,859.924,gel_break_mixing,gel_break_start,QUARK,scheduled,,
RUN-0025,EVT-00086,2024-01-23T20:30:24.352953521,870.406,separation,separation_start,QUARK,scheduled,,
RUN-0025,EVT-00087,2024-01-23T21:06:18.448746192,906.307,standardization_mix,standardization_start,QUARK,scheduled,,
RUN-0025,EVT-00088,2024-01-23T22:12:26.479066935,972.441,filling_packaging,filling_start,QUARK,scheduled,,
RUN-0026,EVT-00089,2024-01-17T20:14:54.740925544,134.912,filling_packaging,filling_start,HIGH_PROTEIN_PUDDING,scheduled,,
RUN-0028,EVT-00090,2024-01-18T05:58:35.592538088,118.593,filling_packaging,filling_start,HIGH_PROTEIN_PUDDING,scheduled,,
RUN-0029,EVT-00091,2024-01-18T11:00:09.816062049,120.164,filling_packaging,filling_start,HIGH_PROTEIN_PUDDING,scheduled,,
RUN-0030,EVT-00092,2024-01-23T22:00:00,0.0,inoculation_mixing,inoculation,QUARK,scheduled,,
RUN-0030,EVT-00093,2024-01-23T22:46:07.642847342,46.127,early_fermentation,rennet_addition,QUARK,scheduled,,
RUN-0030,EVT-00094,2024-01-24T10:53:56.191055908,773.937,gel_break_mixing,gel_break_start,QUARK,scheduled,,
RUN-0030,EVT-00095,2024-01-24T11:14:47.289874526,794.788,separation,separation_start,QUARK,scheduled,,
RUN-0030,EVT-00096,2024-01-24T12:16:30.646656882,856.511,standardization_mix,standardization_start,QUARK,scheduled,,
RUN-0030,EVT-00097,2024-01-24T13:35:03.247908563,935.054,filling_packaging,filling_start,QUARK,scheduled,,
RUN-0031,EVT-00098,2024-01-24T14:00:00,0.0,inoculation_mixing,inoculation,QUARK,scheduled,,
RUN-0031,EVT-00099,2024-01-24T14:38:21.528211136,38.359,early_fermentation,rennet_addition,QUARK,scheduled,,
RUN-0031,EVT-00100,2024-01-25T01:38:30.564531164,698.509,gel_break_mixing,gel_break_start,QUARK,scheduled,,
RUN-0031,EVT-00101,2024-01-25T01:47:51.582238615,707.86,separation,separation_start,QUARK,scheduled,,
RUN-0031,EVT-00102,2024-01-25T02:45:04.655383282,765.078,standardization_mix,standardization_start,QUARK,scheduled,,
RUN-0031,EVT-00103,2024-01-25T04:04:25.324457927,844.422,filling_packaging,filling_start,QUARK,scheduled,,
RUN-0032,EVT-00104,2024-01-25T06:00:00,0.0,inoculation_mixing,inoculation,QUARK,scheduled,,
RUN-0032,EVT-00105,2024-01-25T06:37:38.515038566,37.642,early_fermentation,rennet_addition,QUARK,scheduled,,
RUN-0032,EVT-00106,2024-01-25T18:09:28.985744006,729.483,gel_break_mixing,gel_break_start,QUARK,scheduled,,
RUN-0032,EVT-00107,2024-01-25T18:28:43.371024181,748.723,separation,separation_start,QUARK,scheduled,,
RUN-0032,EVT-00108,2024-01-25T19:57:47.221832078,837.787,standardization_mix,standardization_start,QUARK,scheduled,,
RUN-0032,EVT-00109,2024-01-25T21:12:17.732283203,912.296,filling_packaging,filling_start,QUARK,scheduled,,
RUN-0033,EVT-00110,2024-01-18T15:45:10.209805898,105.17,filling_packaging,filling_start,HIGH_PROTEIN_PUDDING,scheduled,,
RUN-0034,EVT-00111,2024-01-25T22:00:00,0.0,inoculation_mixing,inoculation,QUARK,scheduled,,
RUN-0034,EVT-00112,2024-01-25T22:46:27.085833208,46.451,early_fermentation,rennet_addition,QUARK,scheduled,,
RUN-0034,EVT-00113,2024-01-26T09:55:10.059764581,715.168,gel_break_mixing,gel_break_start,QUARK,scheduled,,
RUN-0034,EVT-00114,2024-01-26T10:08:53.595935187,728.893,separation,separation_start,QUARK,scheduled,,
RUN-0034,EVT-00115,2024-01-26T11:10:14.750769379,790.246,standardization_mix,standardization_start,QUARK,scheduled,,
RUN-0034,EVT-00116,2024-01-26T12:12:39.968481861,852.666,filling_packaging,filling_start,QUARK,scheduled,,
RUN-0035,EVT-00117,2024-01-18T20:50:03.787936489,110.063,filling_packaging,filling_start,HIGH_PROTEIN_PUDDING,scheduled,,
RUN-0036,EVT-00118,2024-01-26T14:00:00,0.0,inoculation_mixing,inoculation,QUARK,scheduled,,
RUN-0036,EVT-00119,2024-01-26T14:52:18.022332329,52.3,early_fermentation,rennet_addition,QUARK,scheduled,,
RUN-0036,EVT-00120,2024-01-27T05:07:50.737907270,907.846,gel_break_mixing,gel_break_start,QUARK,scheduled,,
RUN-0036,EVT-00121,2024-01-27T05:22:02.392123404,922.04,separation,separation_start,QUARK,scheduled,,
RUN-0036,EVT-00122,2024-01-27T06:48:36.223189698,1008.604,standardization_mix,standardization_start,QUARK,scheduled,,
RUN-0036,EVT-00123,2024-01-27T08:22:50.829365503,1102.847,filling_packaging,filling_start,QUARK,scheduled,,
RUN-0037,EVT-00124,2024-01-19T02:26:36.548112043,146.609,filling_packaging,filling_start,HIGH_PROTEIN_PUDDING,scheduled,,
RUN-0038,EVT-00125,2024-01-27T06:00:00,0.0,inoculation_mixing,inoculation,QUARK,scheduled,,
RUN-0038,EVT-00126,2024-01-27T06:43:18.374532032,43.306,early_fermentation,rennet_addition,QUARK,scheduled,,
RUN-0038,EVT-00127,2024-01-27T18:55:15.516816019,775.259,gel_break_mixing,gel_break_start,QUARK,scheduled,,
RUN-0038,EVT-00128,2024-01-27T19:06:15.138829896,786.252,separation,separation_start,QUARK,scheduled,,
RUN-0038,EVT-00129,2024-01-27T20:09:03.669519079,849.061,standardization_mix,standardization_start,QUARK,scheduled,,
RUN-0038,EVT-00130,2024-01-27T21:40:38.889543122,940.648,filling_packaging,filling_start,QUARK,scheduled,,
RUN-0039,EVT-00131,2024-01-19T07:14:31.258367765,134.521,filling_packaging,filling_start,HIGH_PROTEIN_PUDDING,scheduled,,
RUN-0040,EVT-00132,2024-01-19T11:58:31.161332618,118.519,filling_packaging,filling_start,HIGH_PROTEIN_PUDDING,scheduled,,
RUN-0041,EVT-00133,2024-01-19T17:27:20.896769429,147.348,filling_packaging,filling_start,HIGH_PROTEIN_PUDDING,scheduled,,
RUN-0042,EVT-00134,2024-01-19T21:59:21.416634576,119.357,filling_packaging,filling_start,HIGH_PROTEIN_PUDDING,scheduled,,
RUN-0043,EVT-00135,2024-01-20T03:37:41.574249781,157.693,filling_packaging,filling_start,HIGH_PROTEIN_PUDDING,scheduled,,
RUN-0044,EVT-00136,2024-01-27T22:00:00,0.0,inoculation_mixing,inoculation,QUARK,scheduled,,
RUN-0044,EVT-00137,2024-01-27T22:42:57.275921076,42.955,early_fermentation,rennet_addition,QUARK,scheduled,,
RUN-0044,EVT-00138,2024-01-28T10:26:36.194481834,746.603,gel_break_mixing,gel_break_start,QUARK,scheduled,,
RUN-0044,EVT-00139,2024-01-28T10:48:14.713134229,768.245,separation,separation_start,QUARK,scheduled,,
RUN-0044,EVT-00140,2024-01-28T12:02:51.661894348,842.861,standardization_mix,standardization_start,QUARK,scheduled,,
RUN-0044,EVT-00141,2024-01-28T13:30:12.525570796,930.209,filling_packaging,filling_start,QUARK,scheduled,,
RUN-0045,EVT-00142,2024-01-28T14:00:00,0.0,inoculation_mixing,inoculation,QUARK,scheduled,,
RUN-0045,EVT-00143,2024-01-28T14:44:52.813190753,44.88,early_fermentation,rennet_addition,QUARK,scheduled,,
RUN-0045,EVT-00144,2024-01-29T03:44:47.048786557,824.784,gel_break_mixing,gel_break_start,QUARK,scheduled,,
RUN-0045,EVT-00145,2024-01-29T03:50:33.100045219,830.552,separation,separation_start,QUARK,scheduled,,
RUN-0045,EVT-00146,2024-01-29T04:30:44.239630755,870.737,standardization_mix,standardization_start,QUARK,scheduled,,
RUN-0045,EVT-00147,2024-01-29T05:44:11.301930486,944.188,filling_packaging,filling_start,QUARK,scheduled,,
RUN-0046,EVT-00148,2024-01-29T06:00:00,0.0,inoculation_mixing,inoculation,QUARK,scheduled,,
RUN-0046,EVT-00149,2024-01-29T06:33:24.504075638,33.408,early_fermentation,rennet_addition,QUARK,scheduled,,
RUN-0046,EVT-00150,2024-01-29T21:00:34.997777090,900.583,gel_break_mixing,gel_break_start,QUARK,scheduled,,
RUN-0046,EVT-00151,2024-01-29T21:21:00.931228858,921.016,separation,separation_start,QUARK,scheduled,,
RUN-0046,EVT-00152,2024-01-29T22:35:20.885480788,995.348,standardization_mix,standardization_start,QUARK,scheduled,,
RUN-0046,EVT-00153,2024-01-29T23:42:00.130100327,1062.002,filling_packaging,filling_start,QUARK,scheduled,,
RUN-0048,EVT-00154,2024-01-20T12:50:49.127206212,110.819,filling_packaging,filling_start,HIGH_PROTEIN_PUDDING,scheduled,,
RUN-0049,EVT-00155,2024-01-29T22:00:00,0.0,inoculation_mixing,inoculation,QUARK,scheduled,,
RUN-0049,EVT-00156,2024-01-29T22:34:27.252133681,34.454,early_fermentation,rennet_addition,QUARK,scheduled,,
RUN-0049,EVT-00157,2024-01-30T09:56:50.682138382,716.845,gel_break_mixing,gel_break_start,QUARK,scheduled,,
RUN-0049,EVT-00158,2024-01-30T10:08:45.581134454,728.76,separation,separation_start,QUARK,scheduled,,
RUN-0049,EVT-00159,2024-01-30T11:21:53.740710745,801.896,standardization_mix,standardization_start,QUARK,scheduled,,
RUN-0049,EVT-00160,2024-01-30T12:39:40.242018611,879.671,filling_packaging,filling_start,QUARK,scheduled,,
RUN-0050,EVT-00161,2024-01-20T17:59:04.920748467,119.082,filling_packaging,filling_start,HIGH_PROTEIN_PUDDING,scheduled,,
RUN-0051,EVT-00162,2024-01-30T14:00:00,0.0,inoculation_mixing,inoculation,QUARK,scheduled,,
RUN-0051,EVT-00163,2024-01-30T14:31:20.310948973,31.339,early_fermentation,rennet_addition,QUARK,scheduled,,
RUN-0051,EVT-00164,2024-01-31T02:59:19.058803297,779.318,gel_break_mixing,gel_break_start,QUARK,scheduled,,
RUN-0051,EVT-00165,2024-01-31T03:19:26.333115761,799.439,separation,separation_start,QUARK,scheduled,,
RUN-0051,EVT-00166,2024-01-31T04:07:31.332799068,847.522,standardization_mix,standardization_start,QUARK,scheduled,,
RUN-0051,EVT-00167,2024-01-31T05:03:25.692134815,903.428,filling_packaging,filling_start,QUARK,scheduled,,
RUN-0052,EVT-00168,2024-01-31T06:00:00,0.0,inoculation_mixing,inoculation,QUARK,scheduled,,
RUN-0052,EVT-00169,2024-01-31T06:38:39.229756860,38.654,early_fermentation,rennet_addition,QUARK,scheduled,,
RUN-0052,EVT-00170,2024-01-31T19:09:48.744167012,789.812,gel_break_mixing,gel_break_start,QUARK,scheduled,,
RUN-0052,EVT-00171,2024-01-31T19:26:22.109330090,806.368,separation,separation_start,QUARK,scheduled,,
RUN-0052,EVT-00172,2024-01-31T19:58:31.466964703,838.524,standardization_mix,standardization_start,QUARK,scheduled,,
RUN-0052,EVT-00173,2024-01-31T20:48:35.790783646,888.597,filling_packaging,filling_start,QUARK,scheduled,,
RUN-0053,EVT-00174,2024-01-31T22:00:00,0.0,inoculation_mixing,inoculation,QUARK,scheduled,,
RUN-0053,EVT-00175,2024-01-31T22:50:07.515823262,50.125,early_fermentation,rennet_addition,QUARK,scheduled,,
RUN-0053,EVT-00176,2024-02-01T12:01:04.953107683,841.083,gel_break_mixing,gel_break_start,QUARK,scheduled,,
RUN-0053,EVT-00177,2024-02-01T12:18:08.721573725,858.145,separation,separation_start,QUARK,scheduled,,
RUN-0053,EVT-00178,2024-02-01T13:06:40.880385732,906.681,standardization_mix,standardization_start,QUARK,scheduled,,
RUN-0053,EVT-00179,2024-02-01T14:33:45.152550173,993.753,filling_packaging,filling_start,QUARK,scheduled,,
RUN-0054,EVT-00180,2024-01-20T22:49:11.644713986,109.194,filling_packaging,filling_start,HIGH_PROTEIN_PUDDING,scheduled,,
RUN-0055,EVT-00181,2024-01-21T03:52:03.784108766,112.063,filling_packaging,filling_start,HIGH_PROTEIN_PUDDING,scheduled,,
RUN-0056,EVT-00182,2024-01-21T08:50:15.669756257,110.261,filling_packaging,filling_start,HIGH_PROTEIN_PUDDING,scheduled,,
RUN-0057,EVT-00183,2024-02-01T14:00:00,0.0,inoculation_mixing,inoculation,QUARK,scheduled,,
RUN-0057,EVT-00184,2024-02-01T14:40:33.392555447,40.557,early_fermentation,rennet_addition,QUARK,scheduled,,
RUN-0057,EVT-00185,2024-02-02T03:31:08.810374480,811.147,gel_break_mixing,gel_break_start,QUARK,scheduled,,
RUN-0057,EVT-00186,2024-02-02T03:47:34.719675074,827.579,separation,separation_start,QUARK,scheduled,,
RUN-0057,EVT-00187,2024-02-02T04:34:34.386948585,874.573,standardization_mix,standardization_start,QUARK,scheduled,,
RUN-0057,EVT-00188,2024-02-02T05:57:30.781537808,957.513,filling_packaging,filling_start,QUARK,scheduled,,
RUN-0058,EVT-00189,2024-02-02T06:00:00,0.0,inoculation_mixing,inoculation,QUARK,scheduled,,
RUN-0058,EVT-00190,2024-02-02T06:26:23.681453195,26.395,early_fermentation,rennet_addition,QUARK,scheduled,,
RUN-0058,EVT-00191,2024-02-02T21:04:13.153596227,904.219,gel_break_mixing,gel_break_start,QUARK,scheduled,,
RUN-0058,EVT-00192,2024-02-02T21:26:52.930857817,926.882,separation,separation_start,QUARK,scheduled,,
RUN-0058,EVT-00193,2024-02-02T22:37:45.702976430,997.762,standardization_mix,standardization_start,QUARK,scheduled,,
RUN-0058,EVT-00194,2024-02-03T00:12:20.372160384,1092.34,filling_packaging,filling_start,QUARK,scheduled,,
RUN-0059,EVT-00195,2024-02-02T22:00:00,0.0,inoculation_mixing,inoculation,QUARK,scheduled,,
RUN-0059,EVT-00196,2024-02-02T22:32:08.268686606,32.138,early_fermentation,rennet_addition,QUARK,scheduled,,
RUN-0059,EVT-00197,2024-02-03T10:34:00.626113317,754.01,gel_break_mixing,gel_break_start,QUARK,scheduled,,
RUN-0059,EVT-00198,2024-02-03T10:57:45.851035886,777.764,separation,separation_start,QUARK,scheduled,,
RUN-0059,EVT-00199,2024-02-03T11:38:37.833928145,818.631,standardization_mix,standardization_start,QUARK,scheduled,,
RUN-0059,EVT-00200,2024-02-03T12:52:42.412862607,892.707,filling_packaging,filling_start,QUARK,scheduled,,
RUN-0060,EVT-00201,2024-02-03T14:00:00,0.0,inoculation_mixing,inoculation,QUARK,scheduled,,
RUN-0060,EVT-00202,2024-02-03T15:06:13.091599423,66.218,early_fermentation,rennet_addition,QUARK,scheduled,,
RUN-0060,EVT-00203,2024-02-04T05:09:18.743122166,909.312,gel_break_mixing,gel_break_start,QUARK,scheduled,,
RUN-0060,EVT-00204,2024-02-04T05:30:22.924225952,930.382,separation,separation_start,QUARK,scheduled,,
RUN-0060,EVT-00205,2024-02-04T06:30:55.203635721,990.92,standardization_mix,standardization_start,QUARK,scheduled,,
RUN-0060,EVT-00206,2024-02-04T08:01:17.919879305,1081.299,filling_packaging,filling_start,QUARK,scheduled,,
RUN-0061,EVT-00207,2024-02-04T06:00:00,0.0,inoculation_mixing,inoculation,QUARK,scheduled,,
RUN-0061,EVT-00208,2024-02-04T06:42:01.090092123,42.018,early_fermentation,rennet_addition,QUARK,scheduled,,
RUN-0061,EVT-00209,2024-02-04T22:05:18.265047451,965.304,gel_break_mixing,gel_break_start,QUARK,scheduled,,
RUN-0061,EVT-00210,2024-02-04T22:29:28.590998211,989.477,separation,separation_start,QUARK,scheduled,,
RUN-0061,EVT-00211,2024-02-04T23:37:49.500356966,1057.825,standardization_mix,standardization_start,QUARK,scheduled,,
RUN-0061,EVT-00212,2024-02-05T00:45:46.496299131,1125.775,filling_packaging,filling_start,QUARK,scheduled,,
RUN-0063,EVT-00213,2024-02-04T22:00:00,0.0,inoculation_mixing,inoculation,QUARK,scheduled,,
RUN-0063,EVT-00214,2024-02-04T22:25:26.666555089,25.444,early_fermentation,rennet_addition,QUARK,scheduled,,
RUN-0063,EVT-00215,2024-02-05T11:16:29.692003946,796.495,gel_break_mixing,gel_break_start,QUARK,scheduled,,
RUN-0063,EVT-00216,2024-02-05T11:34:22.606650868,814.377,separation,separation_start,QUARK,scheduled,,
RUN-0063,EVT-00217,2024-02-05T12:47:05.677176455,887.095,standardization_mix,standardization_start,QUARK,scheduled,,
RUN-0063,EVT-00218,2024-02-05T13:52:13.326606041,952.222,filling_packaging,filling_start,QUARK,scheduled,,
RUN-0064,EVT-00219,2024-01-21T19:03:39.595221909,123.66,filling_packaging,filling_start,HIGH_PROTEIN_PUDDING,scheduled,,
RUN-0065,EVT-00220,2024-02-05T14:00:00,0.0,inoculation_mixing,inoculation,QUARK,scheduled,,
RUN-0065,EVT-00221,2024-02-05T14:46:03.117526417,46.052,early_fermentation,rennet_addition,QUARK,scheduled,,
RUN-0065,EVT-00222,2024-02-06T02:34:16.837500625,754.281,gel_break_mixing,gel_break_start,QUARK,scheduled,,
RUN-0065,EVT-00223,2024-02-06T02:45:00.154651774,765.003,separation,separation_start,QUARK,scheduled,,
RUN-0065,EVT-00224,2024-02-06T03:36:23.746902993,816.396,standardization_mix,standardization_start,QUARK,scheduled,,
RUN-0065,EVT-00225,2024-02-06T04:49:29.150489897,889.486,filling_packaging,filling_start,QUARK,scheduled,,
RUN-0066,EVT-00226,2024-01-22T00:16:30.213338434,136.504,filling_packaging,filling_start,HIGH_PROTEIN_PUDDING,scheduled,,
RUN-0067,EVT-00227,2024-01-22T05:16:34.253091961,136.571,filling_packaging,filling_start,HIGH_PROTEIN_PUDDING,scheduled,,
RUN-0069,EVT-00228,2024-02-06T06:00:00,0.0,inoculation_mixing,inoculation,QUARK,scheduled,,
RUN-0069,EVT-00229,2024-02-06T06:25:58.954696906,25.983,early_fermentation,rennet_addition,QUARK,scheduled,,
RUN-0069,EVT-00230,2024-02-06T19:59:14.109242214,839.235,gel_break_mixing,gel_break_start,QUARK,scheduled,,
RUN-0069,EVT-00231,2024-02-06T20:19:14.695553004,859.245,separation,separation_start,QUARK,scheduled,,
RUN-0069,EVT-00232,2024-02-06T21:49:04.808932098,949.08,standardization_mix,standardization_start,QUARK,scheduled,,
RUN-0069,EVT-00233,2024-02-06T23:07:14.223926703,1027.237,filling_packaging,filling_start,QUARK,scheduled,,
RUN-0070,EVT-00234,2024-01-22T14:53:37.264485437,113.621,filling_packaging,filling_start,HIGH_PROTEIN_PUDDING,scheduled,,
RUN-0071,EVT-00235,2024-02-06T22:00:00,0.0,inoculation_mixing,inoculation,QUARK,scheduled,,
RUN-0071,EVT-00236,2024-02-06T22:25:02.851335111,25.048,early_fermentation,rennet_addition,QUARK,scheduled,,
RUN-0071,EVT-00237,2024-02-07T11:12:44.069731164,792.734,gel_break_mixing,gel_break_start,QUARK,scheduled,,
RUN-0071,EVT-00238,2024-02-07T11:33:22.456981002,813.374,separation,separation_start,QUARK,scheduled,,
RUN-0071,EVT-00239,2024-02-07T12:43:26.250701687,883.438,standardization_mix,standardization_start,QUARK,scheduled,,
RUN-0071,EVT-00240,2024-02-07T13:51:47.507562172,951.792,filling_packaging,filling_start,QUARK,scheduled,,
RUN-0072,EVT-00241,2024-01-22T19:54:52.384023633,114.873,filling_packaging,filling_start,HIGH_PROTEIN_PUDDING,scheduled,,
RUN-0073,EVT-00242,2024-02-07T14:00:00,0.0,inoculation_mixing,inoculation,QUARK,scheduled,,
RUN-0073,EVT-00243,2024-02-07T14:47:01.188351750,47.02,early_fermentation,rennet_addition,QUARK,scheduled,,
RUN-0073,EVT-00244,2024-02-08T04:07:51.545502272,847.859,gel_break_mixing,gel_break_start,QUARK,scheduled,,
RUN-0073,EVT-00245,2024-02-08T04:32:25.682059078,872.428,separation,separation_start,QUARK,scheduled,,
RUN-0073,EVT-00246,2024-02-08T05:37:08.078714236,937.135,standardization_mix,standardization_start,QUARK,scheduled,,
RUN-0073,EVT-00247,2024-02-08T07:04:11.586405568,1024.193,filling_packaging,filling_start,QUARK,scheduled,,
RUN-0074,EVT-00248,2024-01-23T00:58:29.230180376,118.487,filling_packaging,filling_start,HIGH_PROTEIN_PUDDING,scheduled,,
RUN-0075,EVT-00249,2024-01-23T05:50:52.957397637,110.883,filling_packaging,filling_start,HIGH_PROTEIN_PUDDING,scheduled,,
RUN-0076,EVT-00250,2024-02-08T06:00:00,0.0,inoculation_mixing,inoculation,QUARK,scheduled,,
RUN-0076,EVT-00251,2024-02-08T06:26:10.413862765,26.174,early_fermentation,rennet_addition,QUARK,scheduled,,
RUN-0076,EVT-00252,2024-02-08T17:05:11.493312258,665.192,gel_break_mixing,gel_break_start,QUARK,scheduled,,
RUN-0076,EVT-00253,2024-02-08T17:26:45.438730715,686.757,separation,separation_start,QUARK,scheduled,,
RUN-0076,EVT-00254,2024-02-08T18:01:14.564034980,721.243,standardization_mix,standardization_start,QUARK,scheduled,,
RUN-0076,EVT-00255,2024-02-08T19:18:03.777033959,798.063,filling_packaging,filling_start,QUARK,scheduled,,
RUN-0079,EVT-00256,2024-02-08T22:00:00,0.0,inoculation_mixing,inoculation,QUARK,scheduled,,
RUN-0079,EVT-00257,2024-02-08T22:32:33.961042099,32.566,early_fermentation,rennet_addition,QUARK,scheduled,,
RUN-0079,EVT-00258,2024-02-09T09:35:57.863367715,695.964,gel_break_mixing,gel_break_start,QUARK,scheduled,,
RUN-0079,EVT-00259,2024-02-09T09:49:59.602907034,709.993,separation,separation_start,QUARK,scheduled,,
RUN-0079,EVT-00260,2024-02-09T10:52:18.014251744,772.3,standardization_mix,standardization_start,QUARK,scheduled,,
RUN-0079,EVT-00261,2024-02-09T11:56:01.619357030,836.027,filling_packaging,filling_start,QUARK,scheduled,,
RUN-0081,EVT-00262,2024-01-24T01:52:46.756097637,112.779,filling_packaging,filling_start,HIGH_PROTEIN_PUDDING,scheduled,,
RUN-0082,EVT-00263,2024-02-09T14:00:00,0.0,inoculation_mixing,inoculation,QUARK,scheduled,,
RUN-0082,EVT-00264,2024-02-09T14:37:57.609789639,37.96,early_fermentation,rennet_addition,QUARK,scheduled,,
RUN-0082,EVT-00265,2024-02-10T03:04:23.723811370,784.395,gel_break_mixing,gel_break_start,QUARK,scheduled,,
RUN-0082,EVT-00266,2024-02-10T03:22:05.046011376,802.084,separation,separation_start,QUARK,scheduled,,
RUN-0082,EVT-00267,2024-02-10T04:31:05.219306400,871.087,standardization_mix,standardization_start,QUARK,scheduled,,
RUN-0082,EVT-00268,2024-02-10T05:45:51.180507853,945.853,filling_packaging,filling_start,QUARK,scheduled,,
RUN-0085,EVT-00269,2024-02-10T06:00:00,0.0,inoculation_mixing,inoculation,QUARK,scheduled,,
RUN-0085,EVT-00270,2024-02-10T06:31:47.653480806,31.794,early_fermentation,rennet_addition,QUARK,scheduled,,
RUN-0085,EVT-00271,2024-02-10T19:47:42.965388902,827.716,gel_break_mixing,gel_break_start,QUARK,scheduled,,
RUN-0085,EVT-00272,2024-02-10T20:03:48.925405094,843.815,separation,separation_start,QUARK,scheduled,,
RUN-0085,EVT-00273,2024-02-10T21:15:47.245298433,915.787,standardization_mix,standardization_start,QUARK,scheduled,,
RUN-0085,EVT-00274,2024-02-10T22:28:28.352180084,988.473,filling_packaging,filling_start,QUARK,scheduled,,
RUN-0086,EVT-00275,2024-01-24T17:16:37.341536160,136.622,filling_packaging,filling_start,HIGH_PROTEIN_PUDDING,scheduled,,
RUN-0087,EVT-00276,2024-01-24T22:15:25.304575234,135.422,filling_packaging,filling_start,HIGH_PROTEIN_PUDDING,scheduled,,
RUN-0088,EVT-00277,2024-02-10T22:00:00,0.0,inoculation_mixing,inoculation,QUARK,scheduled,,
RUN-0088,EVT-00278,2024-02-10T22:30:30.817131446,30.514,early_fermentation,rennet_addition,QUARK,scheduled,,
RUN-0088,EVT-00279,2024-02-11T09:30:49.242996061,690.821,gel_break_mixing,gel_break_start,QUARK,scheduled,,
RUN-0088,EVT-00280,2024-02-11T09:41:16.385104228,701.273,separation,separation_start,QUARK,scheduled,,
RUN-0088,EVT-00281,2024-02-11T10:52:31.644494945,772.527,standardization_mix,standardization_start,QUARK,scheduled,,
RUN-0088,EVT-00282,2024-02-11T11:48:52.153479990,828.869,filling_packaging,filling_start,QUARK,scheduled,,
RUN-0090,EVT-00283,2024-01-25T08:21:49.988963178,141.833,filling_packaging,filling_start,HIGH_PROTEIN_PUDDING,scheduled,,
RUN-0091,EVT-00284,2024-02-11T14:00:00,0.0,inoculation_mixing,inoculation,QUARK,scheduled,,
RUN-0091,EVT-00285,2024-02-11T14:38:09.413692721,38.157,early_fermentation,rennet_addition,QUARK,scheduled,,
RUN-0091,EVT-00286,2024-02-12T04:49:53.460941146,889.891,gel_break_mixing,gel_break_start,QUARK,scheduled,,
RUN-0091,EVT-00287,2024-02-12T04:55:19.053096577,895.318,separation,separation_start,QUARK,scheduled,,
RUN-0091,EVT-00288,2024-02-12T06:07:26.389610245,967.44,standardization_mix,standardization_start,QUARK,scheduled,,
RUN-0091,EVT-00289,2024-02-12T07:20:41.347337739,1040.689,filling_packaging,filling_start,QUARK,scheduled,,
RUN-0092,EVT-00290,2024-02-12T06:00:00,0.0,inoculation_mixing,inoculation,QUARK,scheduled,,
RUN-0092,EVT-00291,2024-02-12T06:47:01.830500138,47.031,early_fermentation,rennet_addition,QUARK,scheduled,,
RUN-0092,EVT-00292,2024-02-12T18:42:37.644507391,762.627,gel_break_mixing,gel_break_start,QUARK,scheduled,,
RUN-0092,EVT-00293,2024-02-12T18:52:22.167781120,772.369,separation,separation_start,QUARK,scheduled,,
RUN-0092,EVT-00294,2024-02-12T19:39:07.567381854,819.126,standardization_mix,standardization_start,QUARK,scheduled,,
RUN-0092,EVT-00295,2024-02-12T20:57:30.487903243,897.508,filling_packaging,filling_start,QUARK,scheduled,,
RUN-0093,EVT-00296,2024-02-12T22:00:00,0.0,inoculation_mixing,inoculation,QUARK,scheduled,,
RUN-0093,EVT-00297,2024-02-12T22:51:26.783489664,51.446,early_fermentation,rennet_addition,QUARK,scheduled,,
RUN-0093,EVT-00298,2024-02-13T13:19:35.938646819,919.599,gel_break_mixing,gel_break_start,QUARK,scheduled,,
RUN-0093,EVT-00299,2024-02-13T13:41:43.458023335,941.724,separation,separation_start,QUARK,scheduled,,
RUN-0093,EVT-00300,2024-02-13T14:52:18.985814273,1012.316,standardization_mix,standardization_start,QUARK,scheduled,,
RUN-0093,EVT-00301,2024-02-13T16:07:44.510722883,1087.742,filling_packaging,filling_start,QUARK,scheduled,,
RUN-0094,EVT-00302,2024-01-25T13:07:03.432997179,127.057,filling_packaging,filling_start,HIGH_PROTEIN_PUDDING,scheduled,,
RUN-0095,EVT-00303,2024-01-25T17:44:51.996223104,104.867,filling_packaging,filling_start,HIGH_PROTEIN_PUDDING,scheduled,,
RUN-0096,EVT-00304,2024-02-13T14:00:00,0.0,inoculation_mixing,inoculation,QUARK,scheduled,,
RUN-0096,EVT-00305,2024-02-13T14:27:05.917879200,27.099,early_fermentation,rennet_addition,QUARK,scheduled,,
RUN-0096,EVT-00306,2024-02-14T03:56:50.922562799,836.849,gel_break_mixing,gel_break_start,QUARK,scheduled,,
RUN-0096,EVT-00307,2024-02-14T04:06:02.132035755,846.036,separation,separation_start,QUARK,scheduled,,
RUN-0096,EVT-00308,2024-02-14T05:23:21.910256028,923.365,standardization_mix,standardization_start,QUARK,scheduled,,
RUN-0096,EVT-00309,2024-02-14T06:19:36.015137460,979.6,filling_packaging,filling_start,QUARK,scheduled,,
RUN-0097,EVT-00310,2024-02-14T06:00:00,0.0,inoculation_mixing,inoculation,QUARK,scheduled,,
RUN-0097,EVT-00311,2024-02-14T06:54:47.358641911,54.789,early_fermentation,rennet_addition,QUARK,scheduled,,
RUN-0097,EVT-00312,2024-02-14T20:47:20.373192092,887.34,gel_break_mixing,gel_break_start,QUARK,scheduled,,
RUN-0097,EVT-00313,2024-02-14T20:55:00.568210776,895.009,separation,separation_start,QUARK,scheduled,,
RUN-0097,EVT-00314,2024-02-14T21:27:54.162740901,927.903,standardization_mix,standardization_start,QUARK,scheduled,,
RUN-0097,EVT-00315,2024-02-14T22:41:04.335870371,1001.072,filling_packaging,filling_start,QUARK,scheduled,,
RUN-0098,EVT-00316,2024-01-25T22:39:31.369289994,99.523,filling_packaging,filling_start,HIGH_PROTEIN_PUDDING,scheduled,,
RUN-0099,EVT-00317,2024-01-26T04:30:54.411860882,150.907,filling_packaging,filling_start,HIGH_PROTEIN_PUDDING,scheduled,,
RUN-0100,EVT-00318,2024-01-26T09:14:41.648861742,134.694,filling_packaging,filling_start,HIGH_PROTEIN_PUDDING,scheduled,,
RUN-0101,EVT-00319,2024-01-26T14:16:12.761438420,136.213,filling_packaging,filling_start,HIGH_PROTEIN_PUDDING,scheduled,,
RUN-0102,EVT-00320,2024-02-14T22:00:00,0.0,inoculation_mixing,inoculation,QUARK,scheduled,,
RUN-0102,EVT-00321,2024-02-14T22:32:30.801039485,32.513,early_fermentation,rennet_addition,QUARK,scheduled,,
RUN-0102,EVT-00322,2024-02-15T13:01:08.490822914,901.142,gel_break_mixing,gel_break_start,QUARK,scheduled,,
RUN-0102,EVT-00323,2024-02-15T13:09:21.790456247,909.363,separation,separation_start,QUARK,scheduled,,
RUN-0102,EVT-00324,2024-02-15T13:58:25.934294999,958.432,standardization_mix,standardization_start,QUARK,scheduled,,
RUN-0102,EVT-00325,2024-02-15T15:01:54.648400778,1021.911,filling_packaging,filling_start,QUARK,scheduled,,
RUN-0104,EVT-00326,2024-02-15T14:00:00,0.0,inoculation_mixing,inoculation,QUARK,scheduled,,
RUN-0104,EVT-00327,2024-02-15T14:42:42.083078671,42.701,early_fermentation,rennet_addition,QUARK,scheduled,,
RUN-0104,EVT-00328,2024-02-16T04:34:54.360931439,874.906,gel_break_mixing,gel_break_start,QUARK,scheduled,,
RUN-0104,EVT-00329,2024-02-16T04:44:54.642376918,884.911,separation,separation_start,QUARK,scheduled,,
RUN-0104,EVT-00330,2024-02-16T05:26:48.125462530,926.802,standardization_mix,standardization_start,QUARK,scheduled,,
RUN-0104,EVT-00331,2024-02-16T06:45:23.145710331,1005.386,filling_packaging,filling_start,QUARK,scheduled,,
RUN-0105,EVT-00332,2024-01-27T00:05:48.084304919,125.801,filling_packaging,filling_start,HIGH_PROTEIN_PUDDING,scheduled,,
RUN-0106,EVT-00333,2024-01-27T05:15:27.849901600,135.464,filling_packaging,filling_start,HIGH_PROTEIN_PUDDING,scheduled,,
RUN-0108,EVT-00334,2024-01-27T15:00:22.488270284,120.375,filling_packaging,filling_start,HIGH_PROTEIN_PUDDING,scheduled,,
RUN-0109,EVT-00335,2024-02-16T06:00:00,0.0,inoculation_mixing,inoculation,QUARK,scheduled,,
RUN-0109,EVT-00336,2024-02-16T06:34:53.365754552,34.889,early_fermentation,rennet_addition,QUARK,scheduled,,
RUN-0109,EVT-00337,2024-02-16T18:11:18.933464738,731.316,gel_break_mixing,gel_break_start,QUARK,scheduled,,
RUN-0109,EVT-00338,2024-02-16T18:24:59.058359940,744.984,separation,separation_start,QUARK,scheduled,,
RUN-0109,EVT-00339,2024-02-16T19:02:20.475852488,782.341,standardization_mix,standardization_start,QUARK,scheduled,,
RUN-0109,EVT-00340,2024-02-16T20:06:32.344927414,846.539,filling_packaging,filling_start,QUARK,scheduled,,
RUN-0110,EVT-00341,2024-01-27T20:05:30.820417289,125.514,filling_packaging,filling_start,HIGH_PROTEIN_PUDDING,scheduled,,
RUN-0111,EVT-00342,2024-02-16T22:00:00,0.0,inoculation_mixing,inoculation,QUARK,scheduled,,
RUN-0111,EVT-00343,2024-02-16T22:33:24.855939352,33.414,early_fermentation,rennet_addition,QUARK,scheduled,,
RUN-0111,EVT-00344,2024-02-17T12:53:22.184871030,893.37,gel_break_mixing,gel_break_start,QUARK,scheduled,,
RUN-0111,EVT-00345,2024-02-17T13:07:30.291235838,907.505,separation,separation_start,QUARK,scheduled,,
RUN-0111,EVT-00346,2024-02-17T14:21:14.395533336,981.24,standardization_mix,standardization_start,QUARK,scheduled,,
RUN-0111,EVT-00347,2024-02-17T15:36:39.383467873,1056.656,filling_packaging,filling_start,QUARK,scheduled,,
RUN-0112,EVT-00348,2024-02-17T14:00:00,0.0,inoculation_mixing,inoculation,QUARK,scheduled,,
RUN-0112,EVT-00349,2024-02-17T14:19:21.507425291,19.358,early_fermentation,rennet_addition,QUARK,scheduled,,
RUN-0112,EVT-00350,2024-02-18T03:22:39.834764241,802.664,gel_break_mixing,gel_break_start,QUARK,scheduled,,
RUN-0112,EVT-00351,2024-02-18T03:45:17.664786745,825.294,separation,separation_start,QUARK,scheduled,,
RUN-0112,EVT-00352,2024-02-18T05:14:45.817198163,914.764,standardization_mix,standardization_start,QUARK,scheduled,,
RUN-0112,EVT-00353,2024-02-18T06:31:14.410456943,991.24,filling_packaging,filling_start,QUARK,scheduled,,
RUN-0114,EVT-00354,2024-01-28T05:33:03.475653757,93.058,filling_packaging,filling_start,HIGH_PROTEIN_PUDDING,scheduled,,
RUN-0115,EVT-00355,2024-02-18T06:00:00,0.0,inoculation_mixing,inoculation,QUARK,scheduled,,
RUN-0115,EVT-00356,2024-02-18T06:33:48.888201936,33.815,early_fermentation,rennet_addition,QUARK,scheduled,,
RUN-0115,EVT-00357,2024-02-18T18:28:06.538318,748.109,gel_break_mixing,gel_break_start,QUARK,scheduled,,
RUN-0115,EVT-00358,2024-02-18T18:43:17.387150004,763.29,separation,separation_start,QUARK,scheduled,,
RUN-0115,EVT-00359,2024-02-18T19:26:51.666461842,806.861,standardization_mix,standardization_start,QUARK,scheduled,,
RUN-0115,EVT-00360,2024-02-18T20:48:56.142897667,888.936,filling_packaging,filling_start,QUARK,scheduled,,
RUN-0116,EVT-00361,2024-01-28T10:53:34.425135452,113.574,filling_packaging,filling_start,HIGH_PROTEIN_PUDDING,scheduled,,
RUN-0117,EVT-00362,2024-01-28T15:56:35.733088480,116.596,filling_packaging,filling_start,HIGH_PROTEIN_PUDDING,scheduled,,
RUN-0118,EVT-00363,2024-02-18T22:00:00,0.0,inoculation_mixing,inoculation,QUARK,scheduled,,
RUN-0118,EVT-00364,2024-02-18T22:38:38.719601962,38.645,early_fermentation,rennet_addition,QUARK,scheduled,,
RUN-0118,EVT-00365,2024-02-19T11:24:39.119817518,804.652,gel_break_mixing,gel_break_start,QUARK,scheduled,,
RUN-0118,EVT-00366,2024-02-19T11:33:22.531907965,813.376,separation,separation_start,QUARK,scheduled,,
RUN-0118,EVT-00367,2024-02-19T13:00:50.702995834,900.845,standardization_mix,standardization_start,QUARK,scheduled,,
RUN-0118,EVT-00368,2024-02-19T13:47:54.920033606,947.915,filling_packaging,filling_start,QUARK,scheduled,,
RUN-0119,EVT-00369,2024-01-28T20:56:06.785832705,116.113,filling_packaging,filling_start,HIGH_PROTEIN_PUDDING,scheduled,,
RUN-0122,EVT-00370,2024-02-19T14:00:00,0.0,inoculation_mixing,inoculation,QUARK,scheduled,,
RUN-0122,EVT-00371,2024-02-19T14:34:30.596345503,34.51,early_fermentation,rennet_addition,QUARK,scheduled,,
RUN-0122,EVT-00372,2024-02-20T03:05:59.771520521,785.996,gel_break_mixing,gel_break_start,QUARK,scheduled,,
RUN-0122,EVT-00373,2024-02-20T03:20:15.091984112,800.252,separation,separation_start,QUARK,scheduled,,
RUN-0122,EVT-00374,2024-02-20T04:47:46.842968896,887.781,standardization_mix,standardization_start,QUARK,scheduled,,
RUN-0122,EVT-00375,2024-02-20T05:51:14.028473278,951.234,filling_packaging,filling_start,QUARK,scheduled,,
RUN-0123,EVT-00376,2024-01-29T11:50:54.614189348,110.91,filling_packaging,filling_start,HIGH_PROTEIN_PUDDING,scheduled,,
RUN-0124,EVT-00377,2024-02-20T06:00:00,0.0,inoculation_mixing,inoculation,QUARK,scheduled,,
RUN-0124,EVT-00378,2024-02-20T06:34:23.722221425,34.395,early_fermentation,rennet_addition,QUARK,scheduled,,
RUN-0124,EVT-00379,2024-02-20T19:12:16.883845539,792.281,gel_break_mixing,gel_break_start,QUARK,scheduled,,
RUN-0124,EVT-00380,2024-02-20T19:32:04.416933562,812.074,separation,separation_start,QUARK,scheduled,,
RUN-0124,EVT-00381,2024-02-20T20:03:14.435537961,843.241,standardization_mix,standardization_start,QUARK,scheduled,,
RUN-0124,EVT-00382,2024-02-20T21:10:10.931370453,910.182,filling_packaging,filling_start,QUARK,scheduled,,
RUN-0125,EVT-00383,2024-02-20T22:00:00,0.0,inoculation_mixing,inoculation,QUARK,scheduled,,
RUN-0125,EVT-00384,2024-02-20T22:46:43.699729992,46.728,early_fermentation,rennet_addition,QUARK,scheduled,,
RUN-0125,EVT-00385,2024-02-21T10:19:12.473435778,739.208,gel_break_mixing,gel_break_start,QUARK,scheduled,,
RUN-0125,EVT-00386,2024-02-21T10:40:47.138921263,760.786,separation,separation_start,QUARK,scheduled,,
RUN-0125,EVT-00387,2024-02-21T11:13:46.686202128,793.778,standardization_mix,standardization_start,QUARK,scheduled,,
RUN-0125,EVT-00388,2024-02-21T12:23:57.205510732,863.953,filling_packaging,filling_start,QUARK,scheduled,,
RUN-0127,EVT-00389,2024-01-29T22:21:57.471233056,141.958,filling_packaging,filling_start,HIGH_PROTEIN_PUDDING,scheduled,,
RUN-0128,EVT-00390,2024-02-21T14:00:00,0.0,inoculation_mixing,inoculation,QUARK,scheduled,,
RUN-0128,EVT-00391,2024-02-21T14:38:48.781189683,38.813,early_fermentation,rennet_addition,QUARK,scheduled,,
RUN-0128,EVT-00392,2024-02-22T02:19:16.343154617,739.272,gel_break_mixing,gel_break_start,QUARK,scheduled,,
RUN-0128,EVT-00393,2024-02-22T02:24:47.871899364,744.798,separation,separation_start,QUARK,scheduled,,
RUN-0128,EVT-00394,2024-02-22T03:33:55.918190506,813.932,standardization_mix,standardization_start,QUARK,scheduled,,
RUN-0128,EVT-00395,2024-02-22T04:55:27.024853620,895.45,filling_packaging,filling_start,QUARK,scheduled,,
RUN-0129,EVT-00396,2024-02-22T06:00:00,0.0,inoculation_mixing,inoculation,QUARK,scheduled,,
RUN-0129,EVT-00397,2024-02-22T06:50:27.907735198,50.465,early_fermentation,rennet_addition,QUARK,scheduled,,
RUN-0129,EVT-00398,2024-02-22T20:03:53.754876851,843.896,gel_break_mixing,gel_break_start,QUARK,scheduled,,
RUN-0129,EVT-00399,2024-02-22T20:22:03.341089052,862.056,separation,separation_start,QUARK,scheduled,,
RUN-0129,EVT-00400,2024-02-22T21:46:19.154881042,946.319,standardization_mix,standardization_start,QUARK,scheduled,,
RUN-0129,EVT-00401,2024-02-22T22:46:31.664125206,1006.528,filling_packaging,filling_start,QUARK,scheduled,,
RUN-0130,EVT-00402,2024-01-30T02:42:47.239698175,102.787,filling_packaging,filling_start,HIGH_PROTEIN_PUDDING,scheduled,,
RUN-0131,EVT-00403,2024-02-22T22:00:00,0.0,inoculation_mixing,inoculation,QUARK,scheduled,,
RUN-0131,EVT-00404,2024-02-22T22:46:12.476701800,46.208,early_fermentation,rennet_addition,QUARK,scheduled,,
RUN-0131,EVT-00405,2024-02-23T12:52:46.859111999,892.781,gel_break_mixing,gel_break_start,QUARK,scheduled,,
RUN-0131,EVT-00406,2024-02-23T13:17:25.775586030,917.43,separation,separation_start,QUARK,scheduled,,
RUN-0131,EVT-00407,2024-02-23T14:31:10.685743606,991.178,standardization_mix,standardization_start,QUARK,scheduled,,
RUN-0131,EVT-00408,2024-02-23T15:35:49.181206350,1055.82,filling_packaging,filling_start,QUARK,scheduled,,
RUN-0132,EVT-00409,2024-01-30T08:03:24.376854621,123.406,filling_packaging,filling_start,HIGH_PROTEIN_PUDDING,scheduled,,
RUN-0133,EVT-00410,2024-02-23T14:00:00,0.0,inoculation_mixing,inoculation,QUARK,scheduled,,
RUN-0133,EVT-00411,2024-02-23T14:46:55.987858153,46.933,early_fermentation,rennet_addition,QUARK,scheduled,,
RUN-0133,EVT-00412,2024-02-24T01:06:20.571715975,666.343,gel_break_mixing,gel_break_start,QUARK,scheduled,,
RUN-0133,EVT-00413,2024-02-24T01:30:59.691423286,690.995,separation,separation_start,QUARK,scheduled,,
RUN-0133,EVT-00414,2024-02-24T02:30:35.360168701,750.589,standardization_mix,standardization_start,QUARK,scheduled,,
RUN-0133,EVT-00415,2024-02-24T03:27:08.452191264,807.141,filling_packaging,filling_start,QUARK,scheduled,,
RUN-0134,EVT-00416,2024-01-30T13:22:43.708572186,142.728,filling_packaging,filling_start,HIGH_PROTEIN_PUDDING,scheduled,,
RUN-0135,EVT-00417,2024-01-30T18:10:04.178385638,130.07,filling_packaging,filling_start,HIGH_PROTEIN_PUDDING,scheduled,,
RUN-0136,EVT-00418,2024-02-24T06:00:00,0.0,inoculation_mixing,inoculation,QUARK,scheduled,,
RUN-0136,EVT-00419,2024-02-24T06:32:41.997954960,32.7,early_fermentation,rennet_addition,QUARK,scheduled,,
RUN-0136,EVT-00420,2024-02-24T17:00:38.392106905,660.64,gel_break_mixing,gel_break_start,QUARK,scheduled,,
RUN-0136,EVT-00421,2024-02-24T17:23:22.297031957,683.372,separation,separation_start,QUARK,scheduled,,
RUN-0136,EVT-00422,2024-02-24T18:07:50.345497072,727.839,standardization_mix,standardization_start,QUARK,scheduled,,
RUN-0136,EVT-00423,2024-02-24T19:13:20.653969173,793.344,filling_packaging,filling_start,QUARK,scheduled,,
RUN-0137,EVT-00424,2024-02-24T22:00:00,0.0,inoculation_mixing,inoculation,QUARK,scheduled,,
RUN-0137,EVT-00425,2024-02-24T22:43:11.051860234,43.184,early_fermentation,rennet_addition,QUARK,scheduled,,
RUN-0137,EVT-00426,2024-02-25T11:18:25.435722553,798.424,gel_break_mixing,gel_break_start,QUARK,scheduled,,
RUN-0137,EVT-00427,2024-02-25T11:35:05.429946163,815.09,separation,separation_start,QUARK,scheduled,,
RUN-0137,EVT-00428,2024-02-25T12:13:26.718614699,853.445,standardization_mix,standardization_start,QUARK,scheduled,,
RUN-0137,EVT-00429,2024-02-25T13:25:28.435279817,925.474,filling_packaging,filling_start,QUARK,scheduled,,
RUN-0138,EVT-00430,2024-02-25T14:00:00,0.0,inoculation_mixing,inoculation,QUARK,scheduled,,
RUN-0138,EVT-00431,2024-02-25T14:54:11.158579771,54.186,early_fermentation,rennet_addition,QUARK,scheduled,,
RUN-0138,EVT-00432,2024-02-26T03:13:49.889753146,793.831,gel_break_mixing,gel_break_start,QUARK,scheduled,,
RUN-0138,EVT-00433,2024-02-26T03:28:01.169194598,808.019,separation,separation_start,QUARK,scheduled,,
RUN-0138,EVT-00434,2024-02-26T04:07:25.100287681,847.418,standardization_mix,standardization_start,QUARK,scheduled,,
RUN-0138,EVT-00435,2024-02-26T05:31:44.452089501,931.741,filling_packaging,filling_start,QUARK,scheduled,,
RUN-0139,EVT-00436,2024-01-30T22:51:23.136424983,111.386,filling_packaging,filling_start,HIGH_PROTEIN_PUDDING,scheduled,,
RUN-0140,EVT-00437,2024-02-26T06:00:00,0.0,inoculation_mixing,inoculation,QUARK,scheduled,,
RUN-0140,EVT-00438,2024-02-26T06:51:40.849212192,51.681,early_fermentation,rennet_addition,QUARK,scheduled,,
RUN-0140,EVT-00439,2024-02-26T18:11:53.985839395,731.9,gel_break_mixing,gel_break_start,QUARK,scheduled,,
RUN-0140,EVT-00440,2024-02-26T18:31:28.402847916,751.473,separation,separation_start,QUARK,scheduled,,
RUN-0140,EVT-00441,2024-02-26T19:44:43.525920378,824.725,standardization_mix,standardization_start,QUARK,scheduled,,
RUN-0140,EVT-00442,2024-02-26T21:02:20.244344090,902.337,filling_packaging,filling_start,QUARK,scheduled,,
RUN-0141,EVT-00443,2024-01-31T04:05:41.646100592,125.694,filling_packaging,filling_start,HIGH_PROTEIN_PUDDING,scheduled,,
RUN-0142,EVT-00444,2024-01-31T08:57:13.082998364,117.218,filling_packaging,filling_start,HIGH_PROTEIN_PUDDING,scheduled,,
RUN-0143,EVT-00445,2024-02-26T22:00:00,0.0,inoculation_mixing,inoculation,QUARK,scheduled,,
RUN-0143,EVT-00446,2024-02-26T22:44:58.769541183,44.979,early_fermentation,rennet_addition,QUARK,scheduled,,
RUN-0143,EVT-00447,2024-02-27T11:26:51.697565513,806.862,gel_break_mixing,gel_break_start,QUARK,scheduled,,
RUN-0143,EVT-00448,2024-02-27T11:37:19.565827764,817.326,separation,separation_start,QUARK,scheduled,,
RUN-0143,EVT-00449,2024-02-27T12:19:33.093407154,859.552,standardization_mix,standardization_start,QUARK,scheduled,,
RUN-0143,EVT-00450,2024-02-27T13:19:27.730025316,919.462,filling_packaging,filling_start,QUARK,scheduled,,
RUN-0144,EVT-00451,2024-02-27T14:00:00,0.0,inoculation_mixing,inoculation,QUARK,scheduled,,
RUN-0144,EVT-00452,2024-02-27T14:57:05.659035186,57.094,early_fermentation,rennet_addition,QUARK,scheduled,,
RUN-0144,EVT-00453,2024-02-28T02:23:11.733382746,743.196,gel_break_mixing,gel_break_start,QUARK,scheduled,,
RUN-0144,EVT-00454,2024-02-28T02:30:00.089089691,750.001,separation,separation_start,QUARK,scheduled,,
RUN-0144,EVT-00455,2024-02-28T03:12:18.862482995,792.314,standardization_mix,standardization_start,QUARK,scheduled,,
RUN-0144,EVT-00456,2024-02-28T04:07:45.562524586,847.759,filling_packaging,filling_start,QUARK,scheduled,,
RUN-0145,EVT-00457,2024-02-28T06:00:00,0.0,inoculation_mixing,inoculation,QUARK,scheduled,,
RUN-0145,EVT-00458,2024-02-28T06:21:30.605730944,21.51,early_fermentation,rennet_addition,QUARK,scheduled,,
RUN-0145,EVT-00459,2024-02-28T17:22:34.917317896,682.582,gel_break_mixing,gel_break_start,QUARK,scheduled,,
RUN-0145,EVT-00460,2024-02-28T17:43:04.255082974,703.071,separation,separation_start,QUARK,scheduled,,
RUN-0145,EVT-00461,2024-02-28T18:41:25.471542137,761.425,standardization_mix,standardization_start,QUARK,scheduled,,
RUN-0145,EVT-00462,2024-02-28T20:05:17.854472738,845.298,filling_packaging,filling_start,QUARK,scheduled,,
RUN-0146,EVT-00463,2024-02-28T22:00:00,0.0,inoculation_mixing,inoculation,QUARK,scheduled,,
RUN-0146,EVT-00464,2024-02-28T22:31:17.199127699,31.287,early_fermentation,rennet_addition,QUARK,scheduled,,
RUN-0146,EVT-00465,2024-02-29T09:20:57.460322798,680.958,gel_break_mixing,gel_break_start,QUARK,scheduled,,
RUN-0146,EVT-00466,2024-02-29T09:38:36.430370636,698.607,separation,separation_start,QUARK,scheduled,,
RUN-0146,EVT-00467,2024-02-29T10:57:56.619056243,777.944,standardization_mix,standardization_start,QUARK,scheduled,,
RUN-0146,EVT-00468,2024-02-29T12:14:19.153168741,854.319,filling_packaging,filling_start,QUARK,scheduled,,
RUN-0147,EVT-00469,2024-01-31T13:54:16.950652494,114.283,filling_packaging,filling_start,HIGH_PROTEIN_PUDDING,scheduled,,
RUN-0148,EVT-00470,2024-02-29T14:00:00,0.0,inoculation_mixing,inoculation,QUARK,scheduled,,
RUN-0148,EVT-00471,2024-02-29T14:43:18.541690595,43.309,early_fermentation,rennet_addition,QUARK,scheduled,,
RUN-0148,EVT-00472,2024-03-01T03:44:52.707075531,824.878,gel_break_mixing,gel_break_start,QUARK,scheduled,,
RUN-0148,EVT-00473,2024-03-01T03:56:27.811868146,836.464,separation,separation_start,QUARK,scheduled,,
RUN-0148,EVT-00474,2024-03-01T05:09:34.703462034,909.578,standardization_mix,standardization_start,QUARK,scheduled,,
RUN-0148,EVT-00475,2024-03-01T06:21:59.569121535,981.993,filling_packaging,filling_start,QUARK,scheduled,,
RUN-0149,EVT-00476,2024-03-01T06:00:00,0.0,inoculation_mixing,inoculation,QUARK,scheduled,,
RUN-0149,EVT-00477,2024-03-01T06:28:13.906150726,28.232,early_fermentation,rennet_addition,QUARK,scheduled,,
RUN-0149,EVT-00478,2024-03-01T18:22:24.478006722,742.408,gel_break_mixing,gel_break_start,QUARK,scheduled,,
RUN-0149,EVT-00479,2024-03-01T18:43:14.815255854,763.247,separation,separation_start,QUARK,scheduled,,
RUN-0149,EVT-00480,2024-03-01T19:54:21.661563858,834.361,standardization_mix,standardization_start,QUARK,scheduled,,
RUN-0149,EVT-00481,2024-03-01T21:12:28.732193981,912.479,filling_packaging,filling_start,QUARK,scheduled,,
RUN-0150,EVT-00482,2024-03-01T22:00:00,0.0,inoculation_mixing,inoculation,QUARK,scheduled,,
RUN-0150,EVT-00483,2024-03-01T22:29:08.108980582,29.135,early_fermentation,rennet_addition,QUARK,scheduled,,
RUN-0150,EVT-00484,2024-03-02T09:50:41.938248162,710.699,gel_break_mixing,gel_break_start,QUARK,scheduled,,
RUN-0150,EVT-00485,2024-03-02T09:56:18.257178139,716.304,separation,separation_start,QUARK,scheduled,,
RUN-0150,EVT-00486,2024-03-02T11:21:03.106648109,801.052,standardization_mix,standardization_start,QUARK,scheduled,,
RUN-0150,EVT-00487,2024-03-02T12:48:05.016269103,888.084,filling_packaging,filling_start,QUARK,scheduled,,
RUN-0151,EVT-00488,2024-03-02T14:00:00,0.0,inoculation_mixing,inoculation,QUARK,scheduled,,
RUN-0151,EVT-00489,2024-03-02T14:43:47.715059417,43.795,early_fermentation,rennet_addition,QUARK,scheduled,,
RUN-0151,EVT-00490,2024-03-03T03:28:24.079798161,808.401,gel_break_mixing,gel_break_start,QUARK,scheduled,,
RUN-0151,EVT-00491,2024-03-03T03:44:52.625621363,824.877,separation,separation_start,QUARK,scheduled,,
RUN-0151,EVT-00492,2024-03-03T04:28:04.065003446,868.068,standardization_mix,standardization_start,QUARK,scheduled,,
RUN-0151,EVT-00493,2024-03-03T05:52:26.671423808,952.445,filling_packaging,filling_start,QUARK,scheduled,,
RUN-0152,EVT-00494,2024-03-03T06:00:00,0.0,inoculation_mixing,inoculation,QUARK,scheduled,,
RUN-0152,EVT-00495,2024-03-03T07:06:15.204946877,66.253,early_fermentation,rennet_addition,QUARK,scheduled,,
RUN-0152,EVT-00496,2024-03-03T21:22:40.184161693,922.67,gel_break_mixing,gel_break_start,QUARK,scheduled,,
RUN-0152,EVT-00497,2024-03-03T21:33:37.847347261,933.631,separation,separation_start,QUARK,scheduled,,
RUN-0152,EVT-00498,2024-03-03T22:13:47.295855111,973.788,standardization_mix,standardization_start,QUARK,scheduled,,
RUN-0152,EVT-00499,2024-03-03T23:43:00.331315711,1063.006,filling_packaging,filling_start,QUARK,scheduled,,
RUN-0153,EVT-00500,2024-03-03T22:00:00,0.0,inoculation_mixing,inoculation,QUARK,scheduled,,
RUN-0153,EVT-00501,2024-03-03T22:56:30.138583997,56.502,early_fermentation,rennet_addition,QUARK,scheduled,,
RUN-0153,EVT-00502,2024-03-04T13:17:56.140897486,917.936,gel_break_mixing,gel_break_start,QUARK,scheduled,,
RUN-0153,EVT-00503,2024-03-04T13:35:55.970951893,935.933,separation,separation_start,QUARK,scheduled,,
RUN-0153,EVT-00504,2024-03-04T14:35:31.134406659,995.519,standardization_mix,standardization_start,QUARK,scheduled,,
RUN-0153,EVT-00505,2024-03-04T16:05:35.494820,1085.592,filling_packaging,filling_start,QUARK,scheduled,,
RUN-0155,EVT-00506,2024-03-04T14:00:00,0.0,inoculation_mixing,inoculation,QUARK,scheduled,,
RUN-0155,EVT-00507,2024-03-04T14:44:40.237194944,44.671,early_fermentation,rennet_addition,QUARK,scheduled,,
RUN-0155,EVT-00508,2024-03-05T00:39:06.289553950,639.105,gel_break_mixing,gel_break_start,QUARK,scheduled,,
RUN-0155,EVT-00509,2024-03-05T00:47:32.143677469,647.536,separation,separation_start,QUARK,scheduled,,
RUN-0155,EVT-00510,2024-03-05T01:23:43.234350454,683.721,standardization_mix,standardization_start,QUARK,scheduled,,
RUN-0155,EVT-00511,2024-03-05T02:18:02.890535929,738.048,filling_packaging,filling_start,QUARK,scheduled,,
RUN-0156,EVT-00512,2024-01-31T23:50:33.097357699,110.552,filling_packaging,filling_start,HIGH_PROTEIN_PUDDING,scheduled,,
RUN-0157,EVT-00513,2024-02-01T05:29:57.175446105,149.953,filling_packaging,filling_start,HIGH_PROTEIN_PUDDING,scheduled,,
RUN-0158,EVT-00514,2024-02-01T09:49:55.513053961,109.925,filling_packaging,filling_start,HIGH_PROTEIN_PUDDING,scheduled,,
RUN-0159,EVT-00515,2024-03-05T06:00:00,0.0,inoculation_mixing,inoculation,QUARK,scheduled,,
RUN-0159,EVT-00516,2024-03-05T06:24:13.820924619,24.23,early_fermentation,rennet_addition,QUARK,scheduled,,
RUN-0159,EVT-00517,2024-03-05T17:44:08.778364142,704.146,gel_break_mixing,gel_break_start,QUARK,scheduled,,
RUN-0159,EVT-00518,2024-03-05T18:07:29.188642140,727.486,separation,separation_start,QUARK,scheduled,,
RUN-0159,EVT-00519,2024-03-05T19:17:06.094457302,797.102,standardization_mix,standardization_start,QUARK,scheduled,,
RUN-0159,EVT-00520,2024-03-05T20:11:15.569501942,851.259,filling_packaging,filling_start,QUARK,scheduled,,
RUN-0160,EVT-00521,2024-03-05T22:00:00,0.0,inoculation_mixing,inoculation,QUARK,scheduled,,
RUN-0160,EVT-00522,2024-03-05T22:54:01.453453031,54.024,early_fermentation,rennet_addition,QUARK,scheduled,,
RUN-0160,EVT-00523,2024-03-06T13:21:26.097605255,921.435,gel_break_mixing,gel_break_start,QUARK,scheduled,,
RUN-0160,EVT-00524,2024-03-06T13:40:24.466561190,940.408,separation,separation_start,QUARK,scheduled,,
RUN-0160,EVT-00525,2024-03-06T14:28:57.519596744,988.959,standardization_mix,standardization_start,QUARK,scheduled,,
RUN-0160,EVT-00526,2024-03-06T15:41:41.068171316,1061.684,filling_packaging,filling_start,QUARK,scheduled,,
RUN-0161,EVT-00527,2024-02-01T15:07:19.545143355,127.326,filling_packaging,filling_start,HIGH_PROTEIN_PUDDING,scheduled,,
RUN-0162,EVT-00528,2024-03-06T14:00:00,0.0,inoculation_mixing,inoculation,QUARK,scheduled,,
RUN-0162,EVT-00529,2024-03-06T15:00:52.812173308,60.88,early_fermentation,rennet_addition,QUARK,scheduled,,
RUN-0162,EVT-00530,2024-03-07T02:55:04.225189465,775.07,gel_break_mixing,gel_break_start,QUARK,scheduled,,
RUN-0162,EVT-00531,2024-03-07T03:16:24.083104302,796.401,separation,separation_start,QUARK,scheduled,,
RUN-0162,EVT-00532,2024-03-07T03:57:12.053956175,837.201,standardization_mix,standardization_start,QUARK,scheduled,,
RUN-0162,EVT-00533,2024-03-07T05:03:36.444123362,903.607,filling_packaging,filling_start,QUARK,scheduled,,
RUN-0163,EVT-00534,2024-02-01T20:17:26.334662407,137.439,filling_packaging,filling_start,HIGH_PROTEIN_PUDDING,scheduled,,
RUN-0164,EVT-00535,2024-03-07T06:00:00,0.0,inoculation_mixing,inoculation,QUARK,scheduled,,
RUN-0164,EVT-00536,2024-03-07T06:48:04.925713144,48.082,early_fermentation,rennet_addition,QUARK,scheduled,,
RUN-0164,EVT-00537,2024-03-07T21:16:37.451017283,916.624,gel_break_mixing,gel_break_start,QUARK,scheduled,,
RUN-0164,EVT-00538,2024-03-07T21:33:52.041158764,933.867,separation,separation_start,QUARK,scheduled,,
RUN-0164,EVT-00539,2024-03-07T22:53:36.806065829,1013.613,standardization_mix,standardization_start,QUARK,scheduled,,
RUN-0164,EVT-00540,2024-03-07T23:40:57.815098887,1060.964,filling_packaging,filling_start,QUARK,scheduled,,
RUN-0165,EVT-00541,2024-03-07T22:00:00,0.0,inoculation_mixing,inoculation,QUARK,scheduled,,
RUN-0165,EVT-00542,2024-03-07T22:44:09.938016198,44.166,early_fermentation,rennet_addition,QUARK,scheduled,,
RUN-0165,EVT-00543,2024-03-08T10:21:53.935612011,741.899,gel_break_mixing,gel_break_start,QUARK,scheduled,,
RUN-0165,EVT-00544,2024-03-08T10:34:44.928577189,754.749,separation,separation_start,QUARK,scheduled,,
RUN-0165,EVT-00545,2024-03-08T11:30:11.003397280,810.183,standardization_mix,standardization_start,QUARK,scheduled,,
RUN-0165,EVT-00546,2024-03-08T12:48:02.466143037,888.041,filling_packaging,filling_start,QUARK,scheduled,,
RUN-0166,EVT-00547,2024-02-02T01:26:31.813224007,146.53,filling_packaging,filling_start,HIGH_PROTEIN_PUDDING,scheduled,,
RUN-0167,EVT-00548,2024-02-02T06:01:16.165179060,121.269,filling_packaging,filling_start,HIGH_PROTEIN_PUDDING,scheduled,,
RUN-0168,EVT-00549,2024-03-08T14:00:00,0.0,inoculation_mixing,inoculation,QUARK,scheduled,,
RUN-0168,EVT-00550,2024-03-08T14:52:31.530947375,52.526,early_fermentation,rennet_addition,QUARK,scheduled,,
RUN-0168,EVT-00551,2024-03-09T02:11:21.128595823,731.352,gel_break_mixing,gel_break_start,QUARK,scheduled,,
RUN-0168,EVT-00552,2024-03-09T02:20:04.690201150,740.078,separation,separation_start,QUARK,scheduled,,
RUN-0168,EVT-00553,2024-03-09T03:30:54.971662555,810.916,standardization_mix,standardization_start,QUARK,scheduled,,
RUN-0168,EVT-00554,2024-03-09T04:38:24.978758840,878.416,filling_packaging,filling_start,QUARK,scheduled,,
RUN-0170,EVT-00555,2024-03-09T06:00:00,0.0,inoculation_mixing,inoculation,QUARK,scheduled,,
RUN-0170,EVT-00556,2024-03-09T06:52:43.321645957,52.722,early_fermentation,rennet_addition,QUARK,scheduled,,
RUN-0170,EVT-00557,2024-03-09T18:42:03.374795261,762.056,gel_break_mixing,gel_break_start,QUARK,scheduled,,
RUN-0170,EVT-00558,2024-03-09T18:50:40.366300697,770.673,separation,separation_start,QUARK,scheduled,,
RUN-0170,EVT-00559,2024-03-09T20:20:10.615992431,860.177,standardization_mix,standardization_start,QUARK,scheduled,,
RUN-0170,EVT-00560,2024-03-09T21:35:19.882469433,935.331,filling_packaging,filling_start,QUARK,scheduled,,
RUN-0171,EVT-00561,2024-02-02T16:09:52.507117832,129.875,filling_packaging,filling_start,HIGH_PROTEIN_PUDDING,scheduled,,
RUN-0172,EVT-00562,2024-03-09T22:00:00,0.0,inoculation_mixing,inoculation,QUARK,scheduled,,
RUN-0172,EVT-00563,2024-03-09T22:42:03.473396502,42.058,early_fermentation,rennet_addition,QUARK,scheduled,,
RUN-0172,EVT-00564,2024-03-10T10:47:05.030159729,767.084,gel_break_mixing,gel_break_start,QUARK,scheduled,,
RUN-0172,EVT-00565,2024-03-10T10:54:26.834251931,774.447,separation,separation_start,QUARK,scheduled,,
RUN-0172,EVT-00566,2024-03-10T11:55:24.727168502,835.412,standardization_mix,standardization_start,QUARK,scheduled,,
RUN-0172,EVT-00567,2024-03-10T13:05:06.793117350,905.113,filling_packaging,filling_start,QUARK,scheduled,,
RUN-0173,EVT-00568,2024-03-10T14:00:00,0.0,inoculation_mixing,inoculation,QUARK,scheduled,,
RUN-0173,EVT-00569,2024-03-10T14:28:24.647633907,28.411,early_fermentation,rennet_addition,QUARK,scheduled,,
RUN-0173,EVT-00570,2024-03-11T04:14:49.968454321,854.833,gel_break_mixing,gel_break_start,QUARK,scheduled,,
RUN-0173,EVT-00571,2024-03-11T04:38:06.978162984,878.116,separation,separation_start,QUARK,scheduled,,
RUN-0173,EVT-00572,2024-03-11T05:17:31.890472026,917.532,standardization_mix,standardization_start,QUARK,scheduled,,
RUN-0173,EVT-00573,2024-03-11T06:41:36.493436311,1001.608,filling_packaging,filling_start,QUARK,scheduled,,
RUN-0174,EVT-00574,2024-02-02T21:04:40.251069014,124.671,filling_packaging,filling_start,HIGH_PROTEIN_PUDDING,scheduled,,
RUN-0175,EVT-00575,2024-02-03T02:08:13.018090213,128.217,filling_packaging,filling_start,HIGH_PROTEIN_PUDDING,scheduled,,
RUN-0177,EVT-00576,2024-03-11T06:00:00,0.0,inoculation_mixing,inoculation,QUARK,scheduled,,
RUN-0177,EVT-00577,2024-03-11T06:37:18.204544516,37.303,early_fermentation,rennet_addition,QUARK,scheduled,,
RUN-0177,EVT-00578,2024-03-11T20:13:15.726216072,853.262,gel_break_mixing,gel_break_start,QUARK,scheduled,,
RUN-0177,EVT-00579,2024-03-11T20:26:13.968296655,866.233,separation,separation_start,QUARK,scheduled,,
RUN-0177,EVT-00580,2024-03-11T21:03:22.238017835,903.371,standardization_mix,standardization_start,QUARK,scheduled,,
RUN-0177,EVT-00581,2024-03-11T22:03:04.481967704,963.075,filling_packaging,filling_start,QUARK,scheduled,,
RUN-0178,EVT-00582,2024-03-11T22:00:00,0.0,inoculation_mixing,inoculation,QUARK,scheduled,,
RUN-0178,EVT-00583,2024-03-11T22:42:49.606046308,42.827,early_fermentation,rennet_addition,QUARK,scheduled,,
RUN-0178,EVT-00584,2024-03-12T09:27:11.644753131,687.194,gel_break_mixing,gel_break_start,QUARK,scheduled,,
RUN-0178,EVT-00585,2024-03-12T09:34:16.198476982,694.27,separation,separation_start,QUARK,scheduled,,
RUN-0178,EVT-00586,2024-03-12T10:31:03.012774940,751.05,standardization_mix,standardization_start,QUARK,scheduled,,
RUN-0178,EVT-00587,2024-03-12T11:23:12.341555320,803.206,filling_packaging,filling_start,QUARK,scheduled,,
RUN-0179,EVT-00588,2024-02-03T12:09:21.202131192,129.353,filling_packaging,filling_start,HIGH_PROTEIN_PUDDING,scheduled,,
RUN-0180,EVT-00589,2024-03-12T14:00:00,0.0,inoculation_mixing,inoculation,QUARK,scheduled,,
RUN-0180,EVT-00590,2024-03-12T14:38:46.098499002,38.768,early_fermentation,rennet_addition,QUARK,scheduled,,
RUN-0180,EVT-00591,2024-03-13T05:49:34.649042133,949.577,gel_break_mixing,gel_break_start,QUARK,scheduled,,
RUN-0180,EVT-00592,2024-03-13T05:55:13.733250086,955.229,separation,separation_start,QUARK,scheduled,,
RUN-0180,EVT-00593,2024-03-13T06:30:34.858696162,990.581,standardization_mix,standardization_start,QUARK,scheduled,,
RUN-0180,EVT-00594,2024-03-13T07:43:16.196811676,1063.27,filling_packaging,filling_start,QUARK,scheduled,,
RUN-0181,EVT-00595,2024-03-13T06:00:00,0.0,inoculation_mixing,inoculation,QUARK,scheduled,,
RUN-0181,EVT-00596,2024-03-13T06:20:54.041261908,20.901,early_fermentation,rennet_addition,QUARK,scheduled,,
RUN-0181,EVT-00597,2024-03-13T19:11:00.173687488,791.003,gel_break_mixing,gel_break_start,QUARK,scheduled,,
RUN-0181,EVT-00598,2024-03-13T19:19:19.496402893,799.325,separation,separation_start,QUARK,scheduled,,
RUN-0181,EVT-00599,2024-03-13T20:01:16.385450840,841.273,standardization_mix,standardization_start,QUARK,scheduled,,
RUN-0181,EVT-00600,2024-03-13T21:30:08.263156218,930.138,filling_packaging,filling_start,QUARK,scheduled,,
RUN-0182,EVT-00601,2024-03-13T22:00:00,0.0,inoculation_mixing,inoculation,QUARK,scheduled,,
RUN-0182,EVT-00602,2024-03-13T22:58:45.031045862,58.751,early_fermentation,rennet_addition,QUARK,scheduled,,
RUN-0182,EVT-00603,2024-03-14T10:47:11.046946116,767.184,gel_break_mixing,gel_break_start,QUARK,scheduled,,
RUN-0182,EVT-00604,2024-03-14T11:01:30.991013527,781.517,separation,separation_start,QUARK,scheduled,,
RUN-0182,EVT-00605,2024-03-14T11:45:17.015741862,825.284,standardization_mix,standardization_start,QUARK,scheduled,,
RUN-0182,EVT-00606,2024-03-14T13:08:14.382802702,908.24,filling_packaging,filling_start,QUARK,scheduled,,
RUN-0183,EVT-00607,2024-03-14T14:00:00,0.0,inoculation_mixing,inoculation,QUARK,scheduled,,
RUN-0183,EVT-00608,2024-03-14T14:36:48.842444011,36.814,early_fermentation,rennet_addition,QUARK,scheduled,,
RUN-0183,EVT-00609,2024-03-15T02:14:14.648160831,734.244,gel_break_mixing,gel_break_start,QUARK,scheduled,,
RUN-0183,EVT-00610,2024-03-15T02:30:38.325788046,750.639,separation,separation_start,QUARK,scheduled,,
RUN-0183,EVT-00611,2024-03-15T03:28:05.034900738,808.084,standardization_mix,standardization_start,QUARK,scheduled,,
RUN-0183,EVT-00612,2024-03-15T04:46:09.495437143,886.158,filling_packaging,filling_start,QUARK,scheduled,,
RUN-0184,EVT-00613,2024-02-03T16:54:22.871728268,114.381,filling_packaging,filling_start,HIGH_PROTEIN_PUDDING,scheduled,,
RUN-0186,EVT-00614,2024-02-04T02:39:15.786027734,99.263,filling_packaging,filling_start,HIGH_PROTEIN_PUDDING,scheduled,,
RUN-0187,EVT-00615,2024-03-15T06:00:00,0.0,inoculation_mixing,inoculation,QUARK,scheduled,,
RUN-0187,EVT-00616,2024-03-15T06:47:12.468565818,47.208,early_fermentation,rennet_addition,QUARK,scheduled,,
RUN-0187,EVT-00617,2024-03-15T20:37:39.870635218,877.665,gel_break_mixing,gel_break_start,QUARK,scheduled,,
RUN-0187,EVT-00618,2024-03-15T21:01:36.461910895,901.608,separation,separation_start,QUARK,scheduled,,
RUN-0187,EVT-00619,2024-03-15T21:37:48.420208888,937.807,standardization_mix,standardization_start,QUARK,scheduled,,
RUN-0187,EVT-00620,2024-03-15T22:50:45.715438031,1010.762,filling_packaging,filling_start,QUARK,scheduled,,
RUN-0188,EVT-00621,2024-02-04T08:16:07.548486717,136.126,filling_packaging,filling_start,HIGH_PROTEIN_PUDDING,scheduled,,
RUN-0189,EVT-00622,2024-03-15T22:00:00,0.0,inoculation_mixing,inoculation,QUARK,scheduled,,
RUN-0189,EVT-00623,2024-03-15T22:42:39.768392967,42.663,early_fermentation,rennet_addition,QUARK,scheduled,,
RUN-0189,EVT-00624,2024-03-16T10:17:01.808180784,737.03,gel_break_mixing,gel_break_start,QUARK,scheduled,,
RUN-0189,EVT-00625,2024-03-16T10:36:47.205864638,756.787,separation,separation_start,QUARK,scheduled,,
RUN-0189,EVT-00626,2024-03-16T11:13:07.545005372,793.126,standardization_mix,standardization_start,QUARK,scheduled,,
RUN-0189,EVT-00627,2024-03-16T12:37:25.679290599,877.428,filling_packaging,filling_start,QUARK,scheduled,,
RUN-0190,EVT-00628,2024-02-04T13:14:57.884680492,134.965,filling_packaging,filling_start,HIGH_PROTEIN_PUDDING,scheduled,,
RUN-0191,EVT-00629,2024-03-16T14:00:00,0.0,inoculation_mixing,inoculation,QUARK,scheduled,,
RUN-0191,EVT-00630,2024-03-16T14:42:22.681041884,42.378,early_fermentation,rennet_addition,QUARK,scheduled,,
RUN-0191,EVT-00631,2024-03-17T04:43:23.488136510,883.391,gel_break_mixing,gel_break_start,QUARK,scheduled,,
RUN-0191,EVT-00632,2024-03-17T04:58:10.215360949,898.17,separation,separation_start,QUARK,scheduled,,
RUN-0191,EVT-00633,2024-03-17T05:40:25.664782396,940.428,standardization_mix,standardization_start,QUARK,scheduled,,
RUN-0191,EVT-00634,2024-03-17T06:58:22.759658043,1018.379,filling_packaging,filling_start,QUARK,scheduled,,
RUN-0192,EVT-00635,2024-02-04T18:11:01.053998667,131.018,filling_packaging,filling_start,HIGH_PROTEIN_PUDDING,scheduled,,
RUN-0193,EVT-00636,2024-03-17T06:00:00,0.0,inoculation_mixing,inoculation,QUARK,scheduled,,
RUN-0193,EVT-00637,2024-03-17T06:43:34.858829786,43.581,early_fermentation,rennet_addition,QUARK,scheduled,,
RUN-0193,EVT-00638,2024-03-17T19:12:54.359394148,792.906,gel_break_mixing,gel_break_start,QUARK,scheduled,,
RUN-0193,EVT-00639,2024-03-17T19:26:13.650575958,806.228,separation,separation_start,QUARK,scheduled,,
RUN-0193,EVT-00640,2024-03-17T20:10:11.293421216,850.188,standardization_mix,standardization_start,QUARK,scheduled,,
RUN-0193,EVT-00641,2024-03-17T21:20:09.764208920,920.163,filling_packaging,filling_start,QUARK,scheduled,,
RUN-0194,EVT-00642,2024-03-17T22:00:00,0.0,inoculation_mixing,inoculation,QUARK,scheduled,,
RUN-0194,EVT-00643,2024-03-17T22:33:06.091639750,33.102,early_fermentation,rennet_addition,QUARK,scheduled,,
RUN-0194,EVT-00644,2024-03-18T12:16:07.067128536,856.118,gel_break_mixing,gel_break_start,QUARK,scheduled,,
RUN-0194,EVT-00645,2024-03-18T12:25:37.229648151,865.62,separation,separation_start,QUARK,scheduled,,
RUN-0194,EVT-00646,2024-03-18T13:06:26.509022600,906.442,standardization_mix,standardization_start,QUARK,scheduled,,
RUN-0194,EVT-00647,2024-03-18T14:22:14.502839540,982.242,filling_packaging,filling_start,QUARK,scheduled,,
RUN-0195,EVT-00648,2024-02-04T22:54:20.844489478,114.347,filling_packaging,filling_start,HIGH_PROTEIN_PUDDING,scheduled,,
RUN-0196,EVT-00649,2024-02-05T04:09:32.320496584,129.539,filling_packaging,filling_start,HIGH_PROTEIN_PUDDING,scheduled,,
RUN-0198,EVT-00650,2024-03-18T14:00:00,0.0,inoculation_mixing,inoculation,QUARK,scheduled,,
RUN-0198,EVT-00651,2024-03-18T14:55:51.657080169,55.861,early_fermentation,rennet_addition,QUARK,scheduled,,
RUN-0198,EVT-00652,2024-03-19T03:40:56.651520893,820.944,gel_break_mixing,gel_break_start,QUARK,scheduled,,
RUN-0198,EVT-00653,2024-03-19T03:49:37.332303169,829.622,separation,separation_start,QUARK,scheduled,,
RUN-0198,EVT-00654,2024-03-19T05:03:43.703564157,903.728,standardization_mix,standardization_start,QUARK,scheduled,,
RUN-0198,EVT-00655,2024-03-19T06:12:45.715978277,972.762,filling_packaging,filling_start,QUARK,scheduled,,
RUN-0199,EVT-00656,2024-02-05T14:07:17.113735679,127.285,filling_packaging,filling_start,HIGH_PROTEIN_PUDDING,scheduled,,
RUN-0200,EVT-00657,2024-02-05T18:48:54.864512073,108.914,filling_packaging,filling_start,HIGH_PROTEIN_PUDDING,scheduled,,
